date,prompt
"28-09-2026","create lynq-analytics, a new Java 21 / Spring Boot 4 service on Jetty with context path /lynq-analytics, ports 8091/8092 locally and 8080/8081 in the production profile, following lynq-app-backend. it will serve time to fill, candidate standing and salary medians, fed by domain events and never by reading lynq_backend_db. for now only the skeleton that boots"
"28-09-2026","copy the request pipeline of lynq-app-backend into lynq-analytics: RequestUuidFilter, AuthHeaderExistenceFilter and IamAuthenticationFilter in that order, with a LynqIamClient over /auth/user-info that loads a LynqUserPrincipal with its roles into the SecurityContext. 403 without lynq-request-uuid, 401 without Authorization or with a token iam does not resolve, 503 when iam is unreachable. swagger paths stay public"
"28-09-2026","configure SecurityConfig stateless and permitAll, and add method security with a @HasRole meta-annotation over @PreAuthorize and GrantedAuthorityDefaults(""R_""), same as the other dmz services"
"28-09-2026","add the platform response envelope to lynq-analytics: GlobalRestResponse, ErrorRestResponse and a ControllerExceptionHandler mapping BadRequestException, ForbiddenException and NotFoundException, plus the @AuditLog annotation and its LogAspect masking password, newPassword, refreshToken and accessToken"
"28-09-2026","give lynq-analytics its own Liquibase changelog with a first changeset that creates the lynq_analytics_db schema, plus log4j2-spring.xml, actuator health probes and the prometheus endpoint"
"28-09-2026","add the e2e tests for the lynq-analytics skeleton with Testcontainers and a MockServer standing in for lynq-iam: missing request uuid, missing authorization, token iam does not recognize, iam down, an authenticated request reaching the dispatcher with the uuid echoed back, and api docs served without headers. jacoco on verify"
"28-09-2026","write lynq-analytics/README.md following the other services: technologies, request lifecycle, running locally, configuration, observability and project layout"
"28-09-2026","sonar will flag IamAuthenticationFilter as duplicated now that analytics repeats it. add it to sonar.cpd.exclusions"
"29-09-2026","add lynq-analytics to docker-compose.yaml with the production profile on ports 8091:8080 and 8092:8081, pointing at lynq_analytics_db and lynq-iam, depending on mysql healthy and lynq-iam started"
"29-09-2026","create the lynq_analytics_db database in mysql-init/init.sql"
"29-09-2026","add lynq-analytics-test-workflow.yaml copied from the backend one: mvn verify, jacoco html artifact, coverage comment on the PR and the jacoco-analytics.svg badge committed back to main"
"29-09-2026","include lynq-analytics in sonar-project.properties: binaries, test binaries, tests and jacoco report. sonar only runs in the release, so add a build and test job for lynq-analytics there and make the sonar stage compile it, download its coverage and verify the report is present. version bump and image push stay for the infrastructure PR"
"29-09-2026","add a short description of lynq-analytics to the root readme with its CI and coverage badges, and list it among the modules docker compose brings up"
"29-09-2026","create lynq-analytics/prompt-documentation/prompts.csv and log the prompts of the skeleton and of this wiring, same format as the other modules"
